"행정구역별(1)",행정구역별(2),2019. 11,2019. 11,2019. 11,2019. 12,2019. 12,2019. 12,2020. 01,2020. 01,2020. 01,2020. 02,2020. 02,2020. 02,2020. 03,2020. 03,2020. 03
"행정구역별(1)",행정구역별(2),고령인구비율<br>(A÷B×100) (%),65세이상인구<br>(A) (명),전체인구<br>(B) (명),고령인구비율<br>(A÷B×100) (%),65세이상인구<br>(A) (명),전체인구<br>(B) (명),고령인구비율<br>(A÷B×100) (%),65세이상인구<br>(A) (명),전체인구<br>(B) (명),고령인구비율<br>(A÷B×100) (%),65세이상인구<br>(A) (명),전체인구<br>(B) (명),고령인구비율<br>(A÷B×100) (%),65세이상인구<br>(A) (명),전체인구<br>(B) (명)
"전국",소계,15.4,7994941,51851427,15.5,8026915,51849861,15.6,8075536,51847509,15.7,8122592,51844627,15.8,8193267,51843195
"서울특별시",소계,15.1,1473036,9732577,15.2,1478664,9729107,15.3,1488747,9733509,15.4,1497449,9736962,15.5,1510460,9733655
"서울특별시",종로구,18.0,27263,151457,18.1,27318,151290,18.2,27502,151215,18.3,27650,151309,18.4,27855,151217
"서울특별시",중구,18.1,22901,126209,18.2,22974,126171,18.3,23115,126201,18.4,23257,126259,18.6,23448,126175
"서울특별시",용산구,16.7,38240,228507,16.8,38346,228670,16.8,38598,229385,16.9,38743,229677,17.0,38947,229579
"서울특별시",성동구,14.5,43670,301527,14.6,43796,300889,14.7,44053,300410,14.8,44249,299797,14.9,44547,299042
"서울특별시",광진구,13.5,47512,351699,13.6,47681,351350,13.7,48003,351263,13.8,48271,351032,13.9,48721,350417
"서울특별시",동대문구,17.0,59013,346166,17.1,59170,346194,17.2,59479,346080,17.3,59740,346072,17.4,60157,346156
"서울특별시",중랑구,16.3,64851,397297,16.4,65065,397015,16.5,65554,396755,16.7,66000,396314,16.8,66649,395619
"서울특별시",성북구,15.9,70561,443111,16.0,70699,442650,16.1,71116,442471,16.1,71439,442483,16.3,71997,442494
"서울특별시",강북구,19.2,60283,314306,19.3,60474,313954,19.4,60786,313705,19.5,61054,313289,19.7,61537,312985
"서울특별시",도봉구,17.5,58443,333902,17.6,58664,333362,17.8,59066,332753,17.9,59408,332083,18.1,59968,331238
"서울특별시",노원구,15.1,80518,533498,15.2,80854,532905,15.3,81410,532662,15.4,81919,531840,15.6,82605,531037
"서울특별시",은평구,16.7,80295,480701,16.8,80567,480032,16.9,81031,479457,17.0,81431,479005,17.2,82046,478019
"서울특별시",서대문구,16.6,51481,309312,16.7,51645,309397,16.7,51967,310353,16.8,52201,311327,16.8,52568,312642
"서울특별시",마포구,13.9,51958,374028,13.9,52104,374035,14.0,52382,373951,14.0,52574,374315,14.1,52912,374570
"서울특별시",양천구,13.3,60843,458691,13.3,61147,458165,13.5,61592,457887,13.5,61960,457332,13.7,62622,456339
"서울특별시",강서구,14.1,83461,592309,14.2,83839,591796,14.3,84459,591599,14.4,84957,590419,14.5,85713,589302
"서울특별시",구로구,15.9,64686,407090,16.0,64932,406664,16.1,65413,406751,16.2,65833,406245,16.4,66383,405837
"서울특별시",금천구,15.9,37013,232889,16.0,37196,232810,16.0,37398,233066,16.2,37606,232827,16.3,37948,232583
"서울특별시",영등포구,15.4,56739,367800,15.5,56957,367678,15.6,57312,367916,15.6,57722,370108,15.7,58266,371903
"서울특별시",동작구,15.6,61765,396460,15.7,61994,395963,15.8,62355,395636,15.8,62632,395201,16.0,63090,395014
"서울특별시",관악구,14.9,74567,500803,15.0,74787,500094,15.0,75190,499869,15.1,75559,499587,15.3,76174,499374
"서울특별시",서초구,13.2,56811,430697,13.2,57036,430826,13.3,57375,431050,13.4,57741,431336,13.5,58226,430568
"서울특별시",강남구,13.0,70621,545024,13.0,70896,545169,13.1,71480,545938,13.2,71944,546436,13.3,72461,544804
"서울특별시",송파구,12.8,86722,675843,12.9,87182,675961,13.0,87958,676341,13.1,88558,675782,13.3,89346,674095
"서울특별시",강동구,14.5,62819,433251,14.5,63341,436067,14.6,64153,440795,14.5,65001,446887,14.6,66274,452646
"부산광역시",소계,18.1,617395,3416721,18.2,620123,3413841,18.3,623910,3411819,18.4,627817,3410925,18.6,633548,3409932
"부산광역시",중구,25.5,10714,41983,25.6,10744,41910,25.8,10812,41830,26.0,10876,41826,26.2,10957,41764
"부산광역시",서구,23.9,25973,108449,24.1,26069,108229,24.3,26185,107973,24.4,26266,107844,24.6,26495,107669
"부산광역시",동구,25.3,22202,87903,25.2,22257,88165,25.3,22376,88292,25.4,22480,88439,25.5,22729,89289
"부산광역시",영도구,25.7,30021,117040,25.8,30116,116711,25.9,30209,116447,26.1,30355,116155,26.4,30604,115886
"부산광역시",부산진구,18.7,66914,358302,18.8,67133,357880,18.9,67465,357284,19.0,67835,356811,19.2,68391,356661
"부산광역시",동래구,17.2,46640,270910,17.3,46863,271247,17.4,47233,271562,17.5,47592,271528,17.7,48141,272319
"부산광역시",남구,18.7,51525,275041,18.8,51717,274480,19.0,51980,273707,19.1,52207,272927,19.3,52519,272381
"부산광역시",북구,15.7,45687,291337,15.8,45908,291132,15.9,46227,290908,16.0,46558,290230,16.3,47061,289575
"부산광역시",해운대구,16.2,65875,406204,16.3,66218,406102,16.4,66675,406312,16.5,67072,405708,16.7,67668,405155
"부산광역시",사하구,17.3,55712,321858,17.4,55964,321004,17.6,56334,320254,17.8,56755,319542,18.0,57337,318866
"부산광역시",금정구,19.4,46420,239459,19.5,46642,239062,19.7,46917,238556,19.8,47156,238208,20.0,47463,237508
"부산광역시",강서구,11.7,15023,128740,11.7,15183,129566,11.8,15360,130298,11.8,15485,130748,11.9,15633,131140
"부산광역시",연제구,18.0,37658,209531,18.1,37891,209395,18.2,38171,209980,18.3,38467,210509,18.5,38855,210326
"부산광역시",수영구,20.1,35524,176331,20.2,35661,176148,20.4,35875,176112,20.4,36090,176879,20.6,36378,176967
"부산광역시",사상구,16.6,36219,218707,16.7,36409,218094,16.8,36614,217594,17.0,36931,217250,17.2,37305,216840
"부산광역시",기장군,15.3,25288,164926,15.4,25348,164716,15.5,25477,164710,15.4,25692,166321,15.5,26012,167586
"대구광역시",소계,15.5,377926,2441581,15.6,379277,2438031,15.7,381786,2436488,15.8,383965,2432883,15.9,387318,2433568
"대구광역시",중구,20.1,15600,77659,20.1,15597,77421,20.2,15623,77282,20.3,15657,77151,20.4,15733,77136
"대구광역시",동구,18.4,63853,346334,18.5,64014,345469,18.7,64383,344932,18.8,64673,343857,19.0,65245,343933
"대구광역시",서구,20.8,36628,175930,21.0,36752,175277,21.1,36945,174803,21.3,37129,174389,21.5,37415,174042
"대구광역시",남구,22.2,32927,148193,22.3,32987,148113,22.4,33142,148057,22.5,33265,147938,22.6,33516,148083
"대구광역시",북구,13.7,59901,438423,13.7,60120,437710,13.8,60501,437189,13.9,60895,436530,14.1,61438,436847
"대구광역시",수성구,14.7,63246,428948,14.8,63474,428614,14.9,63939,428770,15.0,64313,428729,15.1,64829,428777
"대구광역시",달서구,13.2,75362,569778,13.3,75775,568887,13.4,76454,568663,13.6,76954,567716,13.7,77764,567978
"대구광역시",달성군,11.9,30409,256316,11.9,30558,256540,12.0,30799,256792,12.1,31079,256573,12.2,31378,256772
"인천광역시",소계,12.9,382814,2957249,13.0,384548,2957026,13.1,387385,2956119,13.2,390008,2954955,13.3,394001,2952689
"인천광역시",중구,14.1,18980,134318,14.1,19076,135135,14.1,19231,136013,14.1,19353,136879,14.2,19586,137587
"인천광역시",동구,21.3,13712,64485,21.3,13751,64427,21.5,13821,64337,21.6,13884,64216,21.8,13981,64039
"인천광역시",연수구,9.3,34159,365499,9.4,34346,366550,9.5,34715,367321,9.5,35046,369588,9.6,35505,370796
"인천광역시",남동구,12.4,66047,532703,12.5,66423,532704,12.6,66962,532569,12.7,67511,532257,12.8,68309,531960
"인천광역시",부평구,13.5,69283,512610,13.6,69549,511577,13.7,69965,510362,13.8,70355,508587,14.0,70975,506682
"인천광역시",계양구,11.5,34923,304145,11.5,35043,303471,11.7,35377,302832,11.8,35657,301984,12.0,36044,301395
"인천광역시",서구,9.8,53349,544198,9.9,53691,544556,9.9,54147,544608,10.0,54552,544465,10.1,55164,544034
"인천광역시",미추홀구,16.0,65429,409463,16.1,65642,408862,16.2,66021,408394,16.3,66359,407369,16.5,66955,406829
"인천광역시",강화군,31.5,21815,69173,31.7,21902,69178,31.8,22006,69197,32.0,22106,69154,32.2,22251,68996
"인천광역시",옹진군,24.8,5117,20655,24.9,5125,20566,25.1,5140,20486,25.3,5185,20456,25.7,5231,20371
"광주광역시",소계,13.4,194787,1458915,13.4,195479,1456468,13.5,196550,1456688,13.6,197559,1456121,13.7,199047,1455705
"광주광역시",동구,21.4,21127,98628,21.4,21138,98585,21.5,21218,98642,21.6,21295,98641,21.7,21414,98628
"광주광역시",서구,13.3,40029,301452,13.4,40246,300975,13.4,40452,301339,13.5,40708,301015,13.7,41032,300292
"광주광역시",남구,16.5,36057,218289,16.6,36162,218060,16.7,36341,218035,16.8,36543,217993,16.9,36764,217810
"광주광역시",북구,14.1,61189,434562,14.2,61446,433533,14.3,61790,433147,14.3,62097,432872,14.5,62639,433006
"광주광역시",광산구,9.0,36385,405984,9.0,36487,405315,9.1,36749,405525,9.1,36916,405600,9.2,37198,405969
"대전광역시",소계,13.4,197860,1476955,13.5,198691,1474870,13.6,199836,1474152,13.7,201130,1473125,13.8,203029,1471858
"대전광역시",동구,17.8,40529,227467,17.9,40621,226771,18.0,40777,226216,18.2,40968,225633,18.3,41280,225302
"대전광역시",중구,18.1,43501,240976,18.2,43648,240473,18.3,43901,240215,18.4,44139,240064,18.6,44518,239635
"대전광역시",서구,11.8,56902,481683,11.9,57201,481222,12.0,57553,481174,12.1,58019,481349,12.2,58643,481135
"대전광역시",유성구,8.9,31007,349308,8.9,31182,349373,9.0,31411,349824,9.0,31625,349915,9.1,31982,350055
"대전광역시",대덕구,14.6,25921,177521,14.7,26039,177031,14.8,26194,176723,15.0,26379,176164,15.1,26606,175731
"울산광역시",소계,11.5,131797,1148922,11.5,132565,1148019,11.6,133618,1147037,11.8,134791,1145710,11.9,136319,1144563
"울산광역시",중구,13.8,30853,224238,13.9,31023,223581,14.0,31214,223060,14.1,31468,222395,14.3,31760,221702
"울산광역시",남구,11.1,36095,324056,11.2,36318,323819,11.3,36623,323704,11.4,36980,323756,11.6,37383,323320
"울산광역시",동구,11.3,18086,160106,11.4,18189,159656,11.5,18374,159294,11.7,18545,158809,11.9,18793,158477
"울산광역시",북구,7.5,16354,217309,7.6,16449,217796,7.6,16607,218053,7.7,16775,218190,7.8,16996,218353
"울산광역시",울주군,13.6,30409,223213,13.7,30586,223167,13.8,30800,222926,13.9,31023,222560,14.1,31387,222711
"세종특별자치시",소계,9.4,31747,338647,9.4,31949,340575,9.4,32261,342328,9.5,32574,343788,9.5,32859,344792
"경기도",소계,12.4,1643060,13228177,12.5,1651341,13239666,12.6,1663749,13250368,12.6,1675644,13265377,12.7,1693501,13288975
"경기도",수원시,10.3,123087,1194834,10.4,123647,1194465,10.4,124521,1193894,10.5,125373,1193480,10.6,126579,1192762
"경기도",성남시,13.3,125252,942929,13.3,125807,942724,13.4,126680,942649,13.5,127355,942183,13.6,128487,941688
"경기도",의정부시,14.4,64959,451833,14.4,65272,451868,14.5,65683,451876,14.6,66143,452865,14.7,66848,453679
"경기도",안양시,12.5,71402,569045,12.6,71643,567044,12.8,72128,565352,12.9,72505,563066,13.0,73102,561966
"경기도",부천시,12.5,103514,830811,12.5,104089,829996,12.7,104934,828947,12.8,105672,827374,12.9,106917,827132
"경기도",광명시,13.0,41247,317144,13.1,41397,316552,13.2,41633,315920,13.3,41902,316125,13.4,42357,316220
"경기도",평택시,12.1,61625,511229,12.1,61910,513027,12.1,62286,514876,12.1,62713,517087,12.2,63403,519124
"경기도",동두천시,19.3,18318,94779,19.4,18344,94768,19.4,18418,94719,19.6,18471,94452,19.7,18597,94231
"경기도",안산시,10.1,66079,651777,10.2,66438,650918,10.3,66921,650559,10.4,67425,651211,10.4,68167,652763
"경기도",고양시,12.6,134572,1064218,12.7,135272,1066351,12.8,136316,1068641,12.8,137354,1071002,12.9,138807,1072909
"경기도",과천시,13.9,8063,58107,13.9,8084,58289,13.9,8131,58334,14.0,8144,58253,14.1,8212,58280
"경기도",구리시,12.6,25050,199259,12.6,25159,199265,12.8,25400,199015,12.9,25615,198921,13.0,25892,199099
"경기도",남양주시,13.2,92496,701091,13.3,93007,701830,13.3,93786,702545,13.4,94611,704172,13.6,95640,705264
"경기도",오산시,8.9,20118,225446,8.9,20257,226379,9.0,20438,226736,9.1,20627,226900,9.2,20848,227112
"경기도",시흥시,8.7,41057,472162,8.7,41403,473682,8.8,41850,475396,8.9,42229,476481,9.0,42777,477425
"경기도",군포시,12.2,33508,275546,12.2,33726,275852,12.3,33994,275989,12.4,34260,275857,12.6,34678,275960
"경기도",의왕시,12.9,20691,160045,12.9,20823,161153,13.0,21056,162472,13.0,21296,163982,13.1,21617,164602
"경기도",하남시,12.3,33371,271574,12.3,33597,272455,12.4,33898,273587,12.4,34218,275384,12.5,34646,277431
"경기도",용인시,12.6,133045,1057895,12.6,133817,1059609,12.7,134955,1061440,12.8,135856,1063650,12.9,137271,1065613
"경기도",파주시,13.3,60459,454107,13.4,60663,454040,13.4,60999,453961,13.5,61371,453827,13.6,61942,454494
"경기도",이천시,13.5,29124,215804,13.5,29245,215834,13.6,29405,215885,13.7,29600,215869,13.8,29899,216404
"경기도",안성시,16.7,30603,183512,16.8,30729,183405,16.8,30894,183369,16.9,31093,183444,17.0,31329,183751
"경기도",김포시,11.9,51993,436006,12.0,52278,437221,12.0,52675,437789,12.1,53174,439502,12.2,53884,443071
"경기도",화성시,8.5,68893,811778,8.5,69434,815396,8.6,70033,818760,8.6,70607,822470,8.6,71481,827603
"경기도",광주시,12.4,46070,371903,12.4,46344,372654,12.5,46810,373274,12.7,47306,373867,12.8,47987,374913
"경기도",양주시,15.0,33292,222257,15.0,33412,222314,15.2,33683,222275,15.2,33881,222435,15.3,34293,223704
"경기도",포천시,18.5,27534,148583,18.6,27615,148379,18.8,27812,148137,18.9,27962,147770,19.1,28226,147853
"경기도",여주시,20.7,22982,111150,20.8,23068,111083,20.9,23207,111017,21.0,23367,111008,21.2,23550,111083
"경기도",연천군,25.0,10963,43918,25.1,10990,43824,25.2,11033,43741,25.4,11081,43614,25.6,11169,43552
"경기도",가평군,24.6,15361,62502,24.7,15423,62415,24.9,15531,62303,25.1,15609,62224,25.4,15794,62262
"경기도",양평군,24.2,28332,116933,24.3,28448,116874,24.5,28639,116910,24.7,28824,116902,24.9,29102,117025
"강원도",소계,19.6,301711,1541399,19.6,302886,1541502,19.8,304479,1540540,19.9,306203,1539521,20.1,308835,1538577
"강원도",춘천시,16.9,47491,280952,16.9,47645,281291,17.0,47889,281468,17.1,48181,281759,17.2,48587,281688
"강원도",원주시,14.3,49753,348607,14.3,49983,349215,14.4,50390,350202,14.5,50734,350897,14.6,51229,351154
"강원도",강릉시,20.1,42963,213527,20.2,43113,213442,20.3,43372,213328,20.5,43631,213273,20.7,44018,213143
"강원도",동해시,19.1,17239,90337,19.2,17338,90522,19.3,17426,90417,19.4,17514,90210,19.6,17650,90263
"강원도",태백시,23.4,10282,43975,23.5,10324,43866,23.7,10356,43681,23.9,10393,43526,24.1,10470,43411
"강원도",속초시,18.0,14765,81810,18.1,14816,81786,18.2,14893,81840,18.3,14983,81744,18.5,15145,81689
"강원도",삼척시,23.6,15951,67518,23.8,16004,67228,24.0,16052,66806,24.3,16128,66478,24.6,16234,66088
"강원도",홍천군,24.7,17103,69187,24.8,17173,69150,25.0,17245,68933,25.3,17371,68715,25.5,17517,68630
"강원도",횡성군,27.7,12949,46703,27.9,12989,46575,28.1,13027,46377,28.2,13084,46372,28.5,13183,46307
"강원도",영월군,28.1,10971,39106,28.2,11024,39127,28.3,11054,39040,28.5,11123,38969,28.8,11206,38938
"강원도",평창군,26.4,11158,42218,26.6,11200,42106,26.8,11266,42014,27.0,11331,41903,27.3,11425,41817
"강원도",정선군,26.3,9798,37309,26.4,9837,37271,26.5,9869,37194,26.8,9929,37062,27.0,10012,37044
"강원도",철원군,21.5,9801,45617,21.6,9830,45584,21.7,9865,45467,21.8,9882,45333,22.0,9962,45220
"강원도",화천군,21.2,5289,24912,21.3,5319,24917,21.6,5348,24806,21.8,5367,24673,21.9,5409,24646
"강원도",양구군,19.6,4490,22921,19.7,4493,22764,20.1,4530,22526,20.4,4558,22366,20.6,4585,22301
"강원도",인제군,19.5,6181,31740,19.6,6194,31672,19.7,6215,31567,19.9,6250,31432,20.1,6319,31461
"강원도",고성군,28.0,7618,27239,28.1,7659,27260,28.3,7693,27165,28.5,7726,27080,28.8,7792,27064
"강원도",양양군,28.5,7909,27721,28.7,7945,27726,28.8,7989,27709,28.9,8018,27729,29.2,8092,27713
"충청북도",소계,17.0,272414,1599651,17.1,273425,1600007,17.2,274813,1599391,17.3,276242,1598599,17.4,278556,1597639
"충청북도",충주시,18.8,39640,210826,18.9,39811,210737,19.0,40002,210806,19.1,40167,210643,19.2,40500,210423
"충청북도",제천시,20.6,27697,134768,20.6,27790,134617,20.8,27914,134359,20.9,28062,134171,21.1,28279,133839
"충청북도",청주시,12.6,105940,839615,12.7,106373,839566,12.7,107079,840047,12.8,107700,840272,12.9,108801,840756
"충청북도",보은군,33.0,10884,33008,33.1,10909,32949,33.3,10939,32899,33.5,10989,32840,33.7,11024,32760
"충청북도",옥천군,28.4,14505,51034,28.5,14557,51023,28.6,14607,50987,28.8,14676,50903,29.1,14783,50791
"충청북도",영동군,29.9,14602,48877,30.0,14601,48738,30.2,14651,48523,30.3,14666,48364,30.6,14747,48174
"충청북도",진천군,16.0,12966,80962,16.0,13002,81084,16.1,13060,81225,16.2,13141,81301,16.3,13250,81404
"충청북도",괴산군,32.4,12422,38312,32.0,12527,39163,32.6,12536,38451,33.0,12603,38185,33.5,12678,37896
"충청북도",음성군,20.0,18985,95014,20.1,19067,94982,20.2,19179,95006,20.3,19295,94909,20.5,19437,94709
"충청북도",단양군,28.9,8631,29816,29.1,8645,29756,29.3,8682,29664,29.5,8736,29592,29.8,8819,29546
"충청북도",증평군,16.4,6142,37419,16.4,6143,37392,16.5,6164,37424,16.6,6207,37419,16.7,6238,37341
"충청남도",소계,18.1,385558,2124302,18.2,386674,2123709,18.3,388385,2122455,18.4,390322,2120995,18.5,392998,2119749
"충청남도",천안시,10.3,66880,651913,10.3,67177,652258,10.4,67603,652845,10.4,68147,653816,10.5,68808,654259
"충청남도",공주시,24.8,26371,106517,24.8,26448,106474,25.0,26608,106294,25.2,26738,106098,25.4,26906,105895
"충청남도",보령시,24.6,24927,101167,24.7,24988,101114,24.9,25107,100908,25.0,25246,100836,25.3,25452,100787
"충청남도",아산시,12.7,39871,314249,12.7,40045,314395,12.8,40241,314238,12.9,40465,313875,13.0,40763,313733
"충청남도",서산시,17.8,31026,174575,17.8,31101,174690,17.9,31271,174663,18.0,31439,174596,18.1,31609,174629
"충청남도",논산시,25.2,30062,119164,25.3,30106,118842,25.4,30163,118781,25.5,30271,118513,25.7,30445,118266
"충청남도",계룡시,11.0,4741,43159,11.1,4764,42971,11.2,4790,42735,11.3,4819,42648,11.4,4848,42663
"충청남도",당진시,17.9,29871,167190,17.9,29933,167042,18.0,30031,166815,18.1,30220,166551,18.3,30401,166253
"충청남도",금산군,29.7,15563,52332,29.9,15613,52257,30.0,15654,52120,30.2,15671,51969,30.4,15781,51904
"충청남도",부여군,32.9,22010,66827,33.0,22051,66740,33.2,22118,66676,33.3,22163,66548,33.6,22274,66353
"충청남도",서천군,34.7,18375,52890,34.9,18417,52805,35.1,18481,52702,35.2,18535,52582,35.5,18637,52494
"충청남도",청양군,34.0,10730,31519,33.9,10762,31717,34.1,10781,31577,34.5,10831,31385,34.9,10893,31245
"충청남도",홍성군,22.8,22921,100598,22.9,22991,100423,23.0,23084,100347,23.1,23170,100245,23.3,23291,100063
"충청남도",예산군,29.8,23686,79400,29.9,23711,79238,30.1,23827,79126,30.3,23891,78915,30.5,24039,78881
"충청남도",태안군,29.5,18524,62802,29.6,18567,62743,29.7,18626,62628,30.0,18716,62418,30.2,18851,62324
"전라북도",소계,20.3,369742,1820799,20.4,370676,1818917,20.5,372332,1817302,20.6,373841,1815112,20.8,376228,1812936
"전라북도",전주시,14.2,92875,655133,14.2,93161,654394,14.3,93842,654963,14.4,94366,655447,14.5,95110,655519
"전라북도",군산시,17.7,47890,270503,17.8,48059,270131,17.9,48347,269779,18.1,48648,269201,18.2,49012,268766
"전라북도",익산시,18.5,53350,288215,18.6,53525,287771,18.7,53752,286997,18.9,53937,286096,19.0,54333,285431
"전라북도",정읍시,26.6,29422,110728,26.7,29490,110541,26.8,29541,110310,26.9,29649,110120,27.1,29792,109951
"전라북도",남원시,27.0,21986,81528,27.1,22050,81441,27.1,22089,81439,27.3,22171,81358,27.4,22262,81257
"전라북도",김제시,30.5,25628,84035,30.6,25650,83895,30.7,25737,83803,30.9,25824,83595,31.0,25947,83570
"전라북도",완주군,22.1,20401,92384,22.2,20438,92220,22.3,20560,92171,22.4,20637,92201,22.6,20800,92135
"전라북도",진안군,33.5,8593,25623,33.5,8613,25697,33.7,8647,25681,33.8,8670,25652,34.0,8722,25621
"전라북도",무주군,32.4,7875,24281,32.5,7891,24303,32.6,7906,24271,32.7,7926,24230,32.9,7961,24178
"전라북도",장수군,32.5,7292,22464,32.5,7304,22441,32.7,7309,22382,32.9,7324,22285,33.1,7382,22277
"전라북도",임실군,34.4,9802,28485,34.0,9830,28902,34.6,9835,28446,34.8,9837,28253,35.2,9888,28073
"전라북도",순창군,32.8,9299,28387,32.8,9312,28382,32.9,9313,28311,33.0,9318,28260,33.2,9359,28155
"전라북도",고창군,33.0,18360,55669,33.1,18370,55504,33.1,18414,55604,33.3,18471,55425,33.6,18537,55190
"전라북도",부안군,31.8,16969,53364,31.9,16983,53295,32.1,17040,53145,32.2,17063,52989,32.4,17123,52813
"전라남도",소계,22.6,421563,1865588,22.6,422548,1868745,22.7,423672,1864712,22.8,424701,1861894,23.0,426963,1859290
"전라남도",목포시,15.6,35951,229914,15.7,36087,229861,15.8,36268,229744,15.9,36394,229235,16.0,36716,229009
"전라남도",여수시,18.3,51802,282980,18.4,51995,282786,18.5,52215,282356,18.6,52449,282062,18.7,52832,281794
"전라남도",순천시,15.0,42207,281227,15.1,42273,279598,15.2,42576,281014,15.2,42778,281347,15.3,43104,281873
"전라남도",나주시,22.0,25223,114522,22.0,25257,114664,22.1,25377,114671,22.2,25399,114618,22.3,25495,114516
"전라남도",광양시,12.5,18948,151592,12.3,19300,156750,12.5,19184,153335,12.7,19269,152304,12.8,19391,151372
"전라남도",담양군,30.1,13975,46439,30.0,13960,46535,30.2,14008,46443,30.3,14035,46367,30.5,14095,46265
"전라남도",곡성군,34.9,10108,28977,34.9,10084,28887,35.0,10084,28773,35.2,10089,28696,35.4,10112,28569
"전라남도",구례군,33.1,8637,26128,32.7,8676,26563,33.1,8678,26214,33.3,8686,26086,33.6,8718,25976
"전라남도",고흥군,39.7,25773,64976,39.8,25806,64913,39.9,25865,64851,40.0,25914,64728,40.3,26014,64581
"전라남도",보성군,37.1,15400,41540,37.3,15429,41420,37.3,15453,41398,37.4,15469,41329,37.7,15542,41232
"전라남도",화순군,25.9,16263,62730,26.0,16286,62737,26.0,16299,62642,26.1,16342,62529,26.3,16440,62493
"전라남도",장흥군,32.9,12699,38628,33.0,12720,38563,33.1,12738,38489,33.2,12754,38400,33.3,12784,38333
"전라남도",강진군,33.5,11868,35376,33.7,11883,35286,33.8,11912,35226,33.9,11911,35163,34.0,11963,35161
"전라남도",해남군,31.2,21963,70500,31.2,21957,70354,31.3,21986,70212,31.5,22023,70018,31.7,22101,69804
"전라남도",영암군,25.7,14042,54579,25.8,14074,54593,25.9,14100,54484,26.0,14135,54383,26.1,14204,54335
"전라남도",무안군,20.8,16847,81189,20.8,16858,81105,20.8,16871,81144,20.8,16932,81322,20.9,17010,81409
"전라남도",함평군,35.1,11558,32888,35.2,11564,32861,35.3,11582,32785,35.4,11603,32735,35.7,11642,32630
"전라남도",영광군,28.2,15168,53855,28.2,15194,53852,28.3,15244,53835,28.4,15251,53694,28.5,15307,53625
"전라남도",장성군,28.6,13052,45667,28.6,13067,45739,28.7,13115,45625,28.8,13110,45595,29.0,13185,45412
"전라남도",완도군,31.4,15919,50738,31.4,15921,50689,31.5,15946,50630,31.6,15954,50560,31.8,16013,50431
"전라남도",진도군,32.8,10095,30744,32.8,10085,30715,32.9,10084,30685,33.0,10088,30601,33.2,10141,30564
"전라남도",신안군,34.8,14065,40399,34.9,14072,40274,35.1,14087,40156,35.2,14116,40122,35.5,14154,39906
"경상북도",소계,20.5,547629,2665775,20.6,549415,2665836,20.7,551863,2662508,20.9,554409,2658956,21.0,558201,2653418
"경상북도",포항시,16.1,81589,507430,16.2,82001,507025,16.3,82622,506494,16.4,83207,506162,16.6,84087,505479
"경상북도",경주시,21.3,54453,255489,21.4,54639,255402,21.5,54959,255253,21.7,55198,254853,21.8,55588,254441
"경상북도",김천시,22.1,31171,141320,22.1,31252,141229,22.2,31341,140991,22.3,31482,140863,22.5,31692,140609
"경상북도",안동시,23.6,37792,160112,23.7,37906,160052,23.8,38070,159844,23.9,38233,159645,24.2,38481,159338
"경상북도",구미시,8.9,37379,420095,8.9,37540,419742,9.0,37829,419761,9.1,38088,419296,9.2,38385,418436
"경상북도",영주시,25.8,27178,105196,25.9,27259,105067,26.1,27354,104985,26.2,27481,104795,26.4,27624,104557
"경상북도",영천시,26.9,27579,102433,27.0,27672,102470,27.2,27754,102163,27.3,27858,101967,27.6,28010,101630
"경상북도",상주시,29.8,29714,99706,29.6,29822,100688,29.9,29847,99814,30.1,29925,99438,30.3,30034,98967
"경상북도",문경시,28.9,20812,71954,28.9,20891,72242,29.1,20936,71889,29.2,20992,71778,29.5,21102,71527
"경상북도",경산시,15.9,41908,262986,16.0,42079,263185,16.1,42308,263229,16.2,42577,263075,16.3,43029,263285
"경상북도",군위군,38.6,9157,23724,38.5,9176,23843,38.6,9201,23821,38.9,9251,23800,39.4,9301,23614
"경상북도",의성군,39.9,20947,52542,39.9,21005,52595,40.0,21070,52674,40.3,21142,52516,40.5,21210,52333
"경상북도",청송군,35.9,9128,25450,35.9,9135,25416,36.0,9155,25439,36.1,9175,25430,36.4,9215,25340
"경상북도",영양군,36.0,6124,17031,36.0,6118,16993,36.1,6139,16999,36.4,6161,16946,36.7,6194,16884
"경상북도",영덕군,35.9,13453,37461,36.0,13458,37361,36.2,13480,37233,36.4,13520,37096,36.7,13561,36969
"경상북도",청도군,36.2,15531,42925,36.2,15541,42910,36.4,15628,42923,36.5,15661,42852,36.8,15731,42727
"경상북도",고령군,29.8,9629,32355,29.8,9648,32373,30.0,9677,32296,30.2,9720,32220,30.6,9770,31968
"경상북도",성주군,30.6,13423,43818,30.6,13477,44015,30.7,13521,43975,30.9,13563,43904,31.2,13645,43682
"경상북도",칠곡군,14.9,17430,117357,14.9,17488,117047,15.1,17583,116772,15.2,17668,116456,15.3,17784,115924
"경상북도",예천군,29.7,16350,55074,29.7,16389,55100,29.8,16438,55192,29.8,16503,55401,29.9,16597,55452
"경상북도",봉화군,34.7,11209,32278,34.9,11222,32150,35.1,11254,32052,35.3,11268,31957,35.5,11347,31951
"경상북도",울진군,27.0,13328,49383,27.1,13356,49314,27.2,13360,49188,27.3,13390,49049,27.5,13467,48957
"경상북도",울릉군,24.3,2345,9656,24.3,2341,9617,24.5,2337,9521,24.8,2346,9457,25.1,2347,9348
"경상남도",소계,16.2,545886,3363274,16.3,548257,3362553,16.4,551246,3361344,16.5,554604,3358828,16.7,559251,3355341
"경상남도",진주시,16.0,55629,347477,16.1,55899,347334,16.2,56205,347489,16.3,56526,347417,16.4,57027,347546
"경상남도",통영시,18.1,23771,131659,18.2,23895,131404,18.3,24027,131089,18.5,24151,130735,18.7,24366,130450
"경상남도",사천시,20.9,23365,112015,20.9,23428,111925,21.1,23560,111845,21.2,23640,111666,21.4,23813,111517
"경상남도",김해시,10.6,57209,541807,10.6,57532,542455,10.7,57951,542713,10.7,58321,542787,10.9,58891,542678
"경상남도",밀양시,27.0,28484,105660,27.0,28549,105552,27.2,28656,105459,27.3,28804,105457,27.6,29022,105309
"경상남도",거제시,10.0,24756,248413,10.0,24892,248276,10.1,25087,248130,10.2,25314,247574,10.3,25566,247487
"경상남도",양산시,12.7,44300,350165,12.7,44631,350759,12.8,45017,351168,12.9,45421,351457,13.1,45916,351496
"경상남도",창원시,13.3,139343,1045627,13.4,140151,1044740,13.5,141192,1044579,13.6,142337,1043874,13.8,143853,1042260
"경상남도",의령군,35.6,9662,27161,35.7,9689,27168,35.8,9708,27131,35.9,9735,27082,36.3,9802,27040
"경상남도",함안군,23.3,15306,65812,23.4,15354,65700,23.5,15416,65491,23.7,15497,65277,23.9,15584,65089
"경상남도",창녕군,29.5,18423,62421,29.6,18426,62331,29.7,18453,62182,29.8,18525,62161,30.0,18609,61934
"경상남도",고성군,29.7,15536,52312,29.8,15577,52276,29.9,15620,52204,30.2,15708,52058,30.4,15785,51946
"경상남도",남해군,36.6,15991,43709,36.6,15987,43622,36.8,16005,43539,36.9,16052,43479,37.2,16128,43351
"경상남도",하동군,32.5,15101,46529,32.5,15120,46574,32.6,15122,46331,32.9,15177,46146,33.2,15258,45934
"경상남도",산청군,35.1,12413,35380,35.1,12444,35417,35.3,12468,35336,35.4,12495,35277,35.6,12561,35265
"경상남도",함양군,32.3,12816,39667,32.4,12836,39637,32.5,12846,39555,32.7,12898,39499,32.9,12957,39404
"경상남도",거창군,26.6,16568,62278,26.7,16603,62179,26.8,16657,62049,27.0,16739,61972,27.2,16816,61822
"경상남도",합천군,38.1,17213,45182,38.1,17244,45204,38.3,17256,45054,38.4,17264,44910,38.6,17297,44813
"제주특별자치도",소계,14.9,100016,670895,15.0,100397,670989,15.0,100904,670749,15.1,101333,670876,15.2,102153,670508
"제주특별자치도",제주시,13.6,66436,489230,13.6,66690,489405,13.7,67058,489202,13.8,67391,489456,13.9,67965,489271
"제주특별자치도",서귀포시,18.5,33580,181665,18.6,33707,181584,18.6,33846,181547,18.7,33942,181420,18.9,34188,181237
