,address,lat,long
0,서울특별시 강남구 선릉로 668 (삼성동),37.5163931,127.0422835
1,"서울특별시 강남구 일원로 81 (일원동, 삼성의료원)",37.4882978,127.0851508
2,"서울특별시 강남구 언주로 211, 강남세브란스병원 (도곡동)",37.4929296,127.0462683
3,서울특별시 강동구 동남로 892 (상일동),37.5534484,127.1573794
4,서울특별시 강동구 성내로 45 (성내동),37.5293107,127.1255532
5,서울특별시 강동구 성안로 150 (길동),37.5359971,127.135378
6,서울특별시 강동구 진황도로61길 53 (둔촌동),37.530634,127.1481606
7,"서울특별시 강북구 한천로 897 (번동, 강북보건소,번2동주민센터)",37.6323588,127.0387953
8,"서울특별시 강서구 공항대로 561 (염창동, 강서보건소)",37.5496464,126.8682874
9,"서울특별시 강서구 공항대로 260, 이화여자대학교 제2부속병원 (마곡동)",37.5572629,126.8362668
10,서울특별시 관악구 관악로 145 (봉천동),37.4781549,126.9514847
11,서울특별시 관악구 조원로 142,37.4854231,126.9181119
12,"서울특별시 관악구 남부순환로 1636, 양지병원 (신림동)",37.4841536,126.9325692
13,서울특별시 광진구 자양로 117 (자양동),37.538617,127.082375
14,서울특별시 광진구 아차산로24길 17 ,37.5402069,127.0650883
15,서울특별시 광진구 능동로 120-1 (화양동),37.5403764,127.0718276
16,"서울특별시 구로구 구로중앙로28길 66 (구로동, 구로5동 주민센터, 구로구보건소)",37.5001593,126.8892945
17,서울특별시 구로구 우마2길 35,37.4825557,126.8897489
18,"서울특별시 구로구 구로동로 148, 고려대부속구로병원 (구로동)",37.492052,126.8848701
19,서울특별시 구로구 경인로 427,37.4996715,126.8664159
20,"서울특별시 금천구 시흥대로73길 70 (시흥동, 금천구보건소)",37.4568644,126.8955105
21,서울 금천구 독산로 87길 27,37.4736651,126.902243
22,서울특별시 금천구 시흥대로 244,37.4556869,126.9005836
23,서울특별시 노원구 노해로 437 (상계동),37.654358,127.056473
24,"서울특별시 노원구 한글비석로 68, 을지병원 (하계동)",37.6364794,127.0699355
25,"서울특별시 노원구 동일로 1342, 상계백병원 (상계동)",37.6485282,127.0631233
26,"서울특별시 도봉구 방학로3길 117 (쌍문동, 도봉보건소)",37.6579935,127.0389254
27,서울특별시 동대문구 천호대로 145 (용두동),37.574524,127.03965
28,서울특별시 동대문구 경희대로 23 (회기동),37.5941195,127.051852
29,서울특별시 동대문구 망우로 82 (휘경동),37.5879909,127.0653066
30,서울특별시 동대문구 무학로 124 ,37.5753681,127.031341
31,서울 동대문구 왕산로 259,37.5843076,127.0497296
32,서울특별시 동작구 장승배기로10길 42 (상도동),37.5045502,126.941008
33,서울특별시 동작구 시흥대로 670,37.4913108,126.9088303
34,서울특별시 동작구 보라매로5길 20 (신대방동),37.4934414,126.9239058
35,"서울특별시 마포구 월드컵로 212 (성산동, 마포구보건소)",37.5663245,126.901491
36,서울특별시 연희로 242,37.578624,126.9362855
37,서울특별시 서대문구 연세로 50-1 (신촌동),37.5623446,126.9408265
38,서울특별시 서초구 남부순환로 2584 (서초동),37.483569,127.032598
39,서울특별시 서초구 반포대로 222 (반포동),37.5009444,127.0051154
40,서울특별시 서초구 헌릉로 260,37.4557936,127.0689282
41,서울특별시 성동구 마장로23길 10 (홍익동),37.5670735,127.0332301
42,서울특별시 성동구 왕십리로 222-1 (사근동),37.5596569,127.0441339
43,서울특별시 성동구 광나루로 323 2층,37.5484242,127.0656645
44,서울특별시 성북구 화랑로 63 (하월곡동),37.6026849,127.0395493
45,"서울특별시 성북구 고려대로 73, 고려대병원 (안암동5가)",37.5870165,127.0263537
46,서울특별시 송파구 올림픽로 326 (신천동),37.5145636,127.1059186
47,"서울특별시 송파구 올림픽로43길 88, 서울아산병원 (풍납동)",37.5265762,127.107935
48,서울특별시 송파구 송이로 123,37.4963836,127.123509
49,서울특별시 양천구 목동서로 339 (신정동),37.5175447,126.8658999
50,서울특별시 양천구 신정이펜1로 20,37.5120195,126.8331531
51,서울특별시 양천구 안양천로 1071 (목동),37.5362859,126.8862379
52,서울 양천구 목동로 225 ,37.5284838,126.8636551
53,"서울특별시 영등포구 당산로 123 (당산동3가, 영등포구청)",37.526436,126.896004
54,"서울특별시 영등포구 신길로 1 (대림동, 강남성심병원)",37.4937262,126.9086527
55,서울특별시 영등포구 63로 10,37.5183253,126.9367517
56,"서울특별시 영등포구 여의대방로53길 22 (신길동, 성애병원)",37.5120274,126.9225003
57,서울특별시 영등포구도림로 156,37.4938833,126.8992778
58,"서울특별시 용산구 녹사평대로 150 (이태원동, 용산구종합행정타운)",37.532527,126.99049
59,서울특별시 용산구 대사관로 59 (한남동),37.533804,127.0042579
60,서울특별시 은평구 은평로 195 (녹번동),37.602784,126.929164
61,서울특별시 은평구 갈현로7길 49,37.60421,126.9044499
62,서울특별시 은평구 백련산로 90,37.594014,126.923851
63,서울특별시 은평구 통일로 1021 (진관동),37.6334945,126.9161912
64,서울 은평구 통일로 873,37.6208615,126.9197006
65,서울특별시 종로구 자하문로19길 36 (옥인동),37.5818283,126.9692461
66,서울특별시 종로구 새문안로 29 (평동),37.5684083,126.96775
67,서울시 종로구 평동 164,37.5673916,126.9669846
68,서울시 종로구 삼청로10길 13(삼청동),37.5880587,126.9828483
69,서울특별시 중구 마른내로 9 (저동2가),37.56511,126.9888709
70,서울특별시 중구 다산로39길 16 (무학동),37.564587,127.0151114
71,서울특별시 중구 퇴계로115,37.5610621,126.9845444
72,서울특별시 중랑구 봉화산로 179 (신내동),37.6063242,127.0925842
73,서울특별시 중랑구 신내로 156,37.6132762,127.0978309
74, 강서구 공항로811번길 10,35.1803751,128.9569659
75, 강서구 녹산산단 321로 24-8,35.0905709,128.8533297
76, 금정구 중앙대로 1777,35.243068,129.0921
77,부산광역시 금정구 서동로 162(서동),35.21456,129.104025
78,기장군 장안읍 좌동길40,35.3214002,129.2435492
79,기장군 기장읍 기장대로 560,35.244498,129.222312
80, 남구 못골로 23(대연동),35.1360898,129.0849465
81, 남구 용호로 232번길 25-14,35.1104571,129.109125
82,부산 동구 중앙대로401,35.1310012,129.0501832
83,부산 동구 구청로 1 (수정동),35.1292746,129.0453253
84,부산광역시 동구 범일로 119(범일동),35.140867,129.0590772
85,동래구 충렬대로 187 (명륜동),35.2042463,129.0802016
86, 동래구 명륜로187번길 56 (명륜동) ,35.2113953,129.0798493
87,부산진구 복지로 75,35.1455173,129.0208609
88,부산진구 황령대로8번길 36,35.1461176,129.0596963
89,부산진구 가야대로 721,35.157851,129.0498801
90,부산진구 양정로 62,35.1698203,129.076514
91,부산진구 중앙대로 605,35.1469602,129.0583786
92,북구 금곡대로 348,35.2393031,129.0147663
93,북구 만덕대로 59,35.2119276,129.0112115
94,부산 북구 낙동대로 1786(구포동) ,35.2097132,129.0047235
95,사상구 학감대로 242,35.152624,128.99125
96,사상구 가야대로 326 (주례동),35.1505,129.0081663
97,하신번영로127번길 2(신평동),35.0941624,128.9595517
98,부용로 30,36.9634824,127.0591861
99,서구 대신공원로 26,35.12019,129.017425
100,서구 감천로 262,35.0809636,129.0139595
101,서구 대티로 170,35.112774,129.011113
102, 수영구 수영로 493,35.1500632,129.1106162
103,수영로 615(광안동),35.16088,129.1131037
104, 수영구 수영로 637-5,35.1624667,129.1135193
105,연제구 연제로 2,35.176242,129.079764
106, 영도구 태종로 423,35.091199,129.067875
107,부산시 영도구 태종로 85,35.0922416,129.0405236
108,부산시 영도구 태종로 133(봉래동 3가),35.0919442,129.043866
109,중구 중구로 120,35.106214,129.032352
110,중구 중구로 121,35.1076838,129.0324148
111,해운대구 양운로37번길 59,35.1641288,129.1786555
112,해운대구 해운대로584,35.1614208,129.1556545
113,해운대구 해운대로 875,35.173443,129.182013
114,대구시 남구 현충로 170(대명동),35.848107,128.58205
115,대구시 남구 두류공원로17길33(대명동),35.8436078,128.5679969
116,대구시 남구 영선길 34 ,35.8539088,128.5915213
117,대구 남구 성당로 224,35.8530071,128.5740875
118,대구 남구 대명로 153,35.839628,128.574456
119,대구광역시 달서구 학산로 45,35.8298667,128.5327375
120,대구 달서구 달구벌대로 1035(신당동),35.8538856,128.4801315
121,대구광역시 달서구 구마로 128,35.8367614,128.5416682
122,대구광역시 달서구 감삼북길 141,35.8506394,128.5413832
123,대구광역시 달서구 월배로 446,35.833148,128.5541817
124,대구광역시 달서구 달구벌대로 1632,35.8526417,128.5449673
125,대구 달서구 구마로 220,35.836849,128.551688
126,대구 달성군 현풍읍 비슬로130길 17 ,35.6947968,128.4403148
127,대구시 동구 아양로 99(심암동),35.8842611,128.6244071
128,대구광역시 동구 동촌로 79 ,35.8881092,128.6512428
129,대구시 북구 호국로 807(학정동),35.9564207,128.5646727
130,대구광역시 북구 성북로 49,35.8918522,128.5888919
131,대구광역시 북구 칠곡중앙대로 440,35.9348896,128.549289
132,(703-701)대구 서구 국채보상로 257,,
133,대구광역시 수성구 수성로 213,35.8449587,128.611932
134,대구광역시 중구 태평로 45 ,35.8778008,128.5833556
135,인천시 강화군 강화읍 충혈사로 36-1,,
136,강화읍 충렬사로 31,37.7360483,126.4859916
137,계양구 장제로 722,37.5322162,126.7343174
138,계양구 계양문화로 20,37.5324735,126.7368717
139,인천시 계양구 계산새로 88,37.5374147,126.7377757
140,인천시 남동구 소래로 633,37.447342,126.731488
141,동구 샛골로 214,37.4817037,126.6458376
142,동구 석수로 90,37.483064,126.6259367
143,미추홀구 독배로 503,37.461611,126.6430071
144,인천시 미추홀구 주안서로 25,37.4610996,126.677424
145,미추홀구 미추홀대로 726,37.462204,126.6807094
146,부평구 동수로 56,37.4848309,126.7248987
147,부평구 부평대로 175,37.506872,126.7199858
148,부평구 무네미로 446,37.4767018,126.7536333
149,인천시 부평구 부흥로 291,37.498848,126.724266
150,서구 심곡로 100번길 25,37.5424165,126.6836103
151,서구 원적로 23,37.4891168,126.6797423
152,서구 신석로 70,37.509774,126.669941
153,서구 청마로 19번길 5,37.5924931,126.6710215
154,서구 완정로 199,37.6027927,126.6543363
155,인천시 서구 탁옥로 39,37.5444694,126.6738964
156,연수구 먼우금로 98,37.407958,126.6704928
157,인천시 연수구 함박뫼로 13,37.4187832,126.6709805
158,인천시 연수구 원인재로 263,37.4185425,126.68922
159,인천시 미추홀구 매소홀로 120,37.446607,126.63676
160,옹진군 백령면 백령로 233,37.968009,124.7210341
161,중구 답동로 30번길 10,37.471217,126.6321078
162,인천시 중구 참외전로72번길 21,37.4772018,126.6291055
163,인천시 중구 마시란로 308-1,,
164,인천시 중구 운남서로 100-1,37.493633,126.5309955
165,광주광역시 광산구 광산로29번길 15 (송정동),35.139524,126.793688
166,광주광역시 광산구 첨단중앙로170번길 59 (쌍암동),35.221087,126.8453352
167,광주광역시 광산구 왕버들로220,35.1979466,126.8331733
168,광주광역시 남구 양림로 37 (양림동),35.136665,126.911875
169,"광주광역시 남구 봉선로 1 (주월동, 남구청)",35.1330039,126.902402
170,광주광역시 동구 서남로 1 (서석동),35.145999,126.923312
171,광주광역시 북구 양일로 309 (일곡동),35.2028627,126.8975955
172,광주광역시 북구 우치로 65 (중흥동),35.173339,126.9121293
173,광주광역시 서구 금화로59번길 6 (금호동),35.1325855,126.8556725
174,광주광역시 서구 경열로 33 (농성동),35.151969,126.890272
175, 대전광역시 대덕구 석봉로 38길 55,36.447161,127.4264925
176,"대전광역시 대덕구 대청로82번길 147 (신탄진동,147)",36.4473943,127.4395922
177,대덕구 계족로 637,36.3683976,127.4285488
178,대전광역시 동구 동구청로147(가오동),36.312169,127.454884
179,대전광역시 동구 동서대로 1672 ,36.3482369,127.4358
180, 대전광역시 서구 만년로74,36.3671297,127.3810731
181,"대전광역시 서구 관저동로 158 (관저동,(관저동))",36.306642,127.342613
182,"대전광역시 서구 둔산서로 95 (둔산동,(둔산동))",36.3552891,127.3819903
183,대전광역시 유성구 유성대로730번길51,36.3580842,127.3354295
184,"대전광역시 유성구 북유성대로 93 (지족동,(지족동))",36.3751715,127.3249507
185,대전광역시 중구 산성로 63,36.308007,127.395071
186,"대전광역시 중구 목중로 29 (목동,(목동))",36.3360669,127.4104139
187,"대전광역시 중구 대흥로 64 (대흥동,(대흥동))",36.323042,127.420163
188,울산광역시 남구 월평로171번길 13 (신정동),35.5462649,129.3231103
189,울산광역시 남구 북부순환도로 51 (무거동),35.5528955,129.2688243
190,울산광역시 남구 문수로480번길 10 (신정동),35.5315447,129.3051863
191,"울산광역시 남구 삼산중로 132 (삼산동, 울산남구보건소)",35.5453576,129.3363284
192,울산광역시 동구 봉수로 155 (화정동),35.504844,129.416632
193,울산광역시 북구 산업로 1007 (연암동),35.5828166,129.3590177
194,울산광역시 북구 산업로 1018 (연암동),35.5835549,129.3607106
195,울산광역시 울주군 삼남면 중평로 53,35.5600045,129.1207349
196,울산광역시 울주군 삼남면 서향교1길 67-12,35.5583526,129.1137538
197,울주군 온양읍 터실1길 13,35.4552757,129.2908945
198,울산광역시 중구 태화로 239 (태화동),35.5534869,129.3020575
199,울산광역시 중구 외솔큰길 225 (남외동),35.5694504,129.3503812
200,세종특별자치시 조치원읍 건강길 16,36.6057132,127.2964967
201,세종특별자치시 가름로 238-1,36.4951837,127.2659995
202,경기도 가평군 가평읍 가화로 155-18,37.8335133,127.5105549
203,경기도 가평군 설악면 미사리로 267-177,37.6911585,127.5213618
204,경기도 고양시 덕양구 원당로33번길 28 (주교동),37.6578412,126.8310687
205,"경기도 고양시 일산동구 중앙로 1228 (마두동,KT고양지사 일산동구보건소)",37.6560223,126.7760886
206,고양시 일산서구 주화로 170,37.6743138,126.7504331
207,고양시 일산동구 동국로 27(식사동),37.6763969,126.8064233
208,경기도 고양시 일산동구 일산로 100,37.6454754,126.7930401
209,경기도 고양시 일산동구 고양대로760,37.6819744,126.7800452
210,경기도 과천시 관문로69,37.4292013,126.987675
211,"경기도 광명시 디지털로 36 (철산동, 광명성애병원)",37.4736659,126.8713502
212,"경기도 광명시 오리로 613 (하안동, 광명시보건소)",37.4557972,126.8784821
213,경기도 광주시 파발로 194,37.4164094,127.2507319
214,경기도 광주시 광주대로 45,37.4109444,127.2602408
215,"경기도 구리시 건원대로34번길 84 (인창동, 구리보건소)",37.6046827,127.1450876
216,경기도 구리시 경춘로 153 (교문동),37.6012985,127.1324273
217,"경기도 군포시 군포로 591 (당동, (G샘병원)군포샘병원)",37.358672,126.9473164
218,경기도 군포시 산본로 321 (산본동),37.3594127,126.9336147
219,경기도 군포시 군포로 221 (부곡동),37.3330287,126.9251468
220,"경기도 김포시 감암로 11, 김포우리병원 (걸포동)",37.6323325,126.7107331
221,"경기도 김포시 김포한강3로 283, 뉴고려병원 (장기동)",37.6409296,126.6602289
222,경기도 김포시 사우중로 108 (사우동),37.623717,126.7227644
223,경기도 남양주시 경춘로 522 남양주시청 제2청사,37.610513,127.171222
224,경기도 남양주시 진접읍 해밀예당1로 30-39,37.7105065,127.1894677
225,경기도 남양주시 오남읍 양지로 47-55,37.6823474,127.2043933
226,경기도 남양주시 진접읍 봉현로 21,37.7154268,127.179882
227,경기도 동두천시 중앙로 167 (생연동),37.8966204,127.0516772
228,경기도 부천시 옥산로10번길 16,37.4942708,126.7809569
229,경기도 부천시 성오로 172,37.5283699,126.796025
230,부천시 경인옛로73,37.4800468,126.7999476
231,경기도 부천시 조마루로 170 (중동),37.4986043,126.7629514
232,경기도 부천시 소사로 327,37.4871165,126.7924167
233,경기도 부천시 호현로 489번길 28,37.4810179,126.791225
234,경기도 성남시 분당구 양현로 306,37.4110429,127.1247104
235,"경기도 성남시 중원구 금상로 137 (상대원동, 중원구보건소)",37.4421563,127.1705808
236,분당구 야탑로 59,37.4102384,127.1254535
237,"경기도 성남시 수정구 수정로 218 (신흥동, 수정구보건소)",37.4443361,127.1440796
238,경기도 성남시 수정구 수정로 171번길 10,37.4450622,127.1391
239,경기도 성남시 수정구 수정로 76,37.4398589,127.1290046
240,중원구 산성대로 476번길 12,37.4528497,127.1619932
241,경기도 수원시 권선구 호매실로 22-50 (탑동),37.2588302,126.971212
242,경기도 수원시 영통구 영통로 396 (영통동),37.2568829,127.0697108
243,"경기도 수원시 장안구 송원로 101 (조원동, 장안구구보건소)",37.3039709,127.0101225
244,경기도 수원시 팔달구 팔달산로 6 (교동),37.2714917,127.0125017
245,경기도 수원시 영통구 월드컵로 164 (원천동),37.2793927,127.0476764
246,경기도 수원시 장안구 수성로245번길 69 (정자동),37.2918917,126.9963375
247,경기도 수원시 팔달구 중부대로 93 (지동),37.2779855,127.0274271
248,경기도 수원시 팔달구 중부대로 165 (우만동),37.2781302,127.0344741
249,"경기도 시흥시 공단1대로 237 (정왕동, 센트럴 병원)",37.3369084,126.7281267
250,시흥시 복지로 57,37.4445152,126.7894932
251,경기도 시흥시 옥구천서로 337,37.3529459,126.7245975
252,경기도 시흥시 호현로 55 (대야동),37.4453012,126.7847943
253,시흥시 정왕대로 233번길  19,37.3466661,126.7401008
254,경기도 안산시 단원구 화랑로 250 (초지동),37.3210171,126.8152642
255,경기 안산시 상록구 차돌배기로1길 15,37.3015707,126.8450584
256,경기도 안산시 단원구 적금로 123 (고잔동),37.3185144,126.8249033
257,경기도 안산시 단원구 선부광장로 103,37.3340615,126.8076244
258,"경기도 안산시 상록구 구룡로 87, 근로복지공단안산병원 (일동)",37.3167269,126.874139
259,경기도 안성시 남파로 95 (당왕동),37.0173531,127.2603668
260,경기도 안성시 시장길 58 (서인동),37.0062179,127.2709213
261,경기도 안성시 강변로74번길 18 (도기동),37.0001865,127.2698354
262,경기도 안양시 동안구 평촌대로253번길 41 (비산동),37.3929796,126.9520555
263,경기도 안양시 만안구 문예로 48 (안양동),37.3858473,126.9329473
264,경기도 안양시 동안구 관평로170번길 22 (평촌동),37.3917575,126.9620529
265,"경기도 안양시 만안구 삼덕로 9 (안양동, 안양샘병원)",37.3935234,126.924394
266,경기도 양주시 부흥로 1533 (남방동),37.785329,127.045847
267,경기도 양평군 양평읍 마유산로 17,37.4969563,127.4867157
268,경기도 양평군 양평읍 중앙로 129,37.4938653,127.5035413
269,"경기도 여주시 청심로 39, 세종여주병원 (하동)",37.301484,127.6253003
270,경기도 여주시 여흥로160번길 14 (상동),37.2945654,127.6404233
271,경기도 여주시 영릉로 22,37.2898595,127.6328965
272,경기도 연천군 전곡읍 은대성로 95,38.0234715,127.060977
273,경기도 오산시 경기동로 59 (오산동),37.1593302,127.0779761
274,경기도 오산시 밀머리로1번길 16 (원동),37.1413334,127.075277
275,"경기도 용인시 기흥구 신갈로58번길 11 (신갈동, 기흥구 보건소)",37.2726604,127.10668
276,경기도 용인시 수지구 포은대로 435 (풍덕천동),37.3222422,127.0977799
277,"경기도 용인시 기흥구 중부대로 411, 강남병원 (신갈동)",37.2737515,127.1115072
278,경기도 용인시 처인구 중부대로 1199,37.2412522,127.1774916
279,"경기도 용인시 처인구 백옥대로1082번길 18, 다보스종합병원 (김량장동)",37.2314883,127.2114648
280,경기 용인시 기흥구 동백죽전대로 363,37.2706982,127.1482857
281,경기도 용인시 처인구 고림로 81 ,37.2403912,127.2145364
282,"경기도 의왕시 오봉로 34 (고천동, 의왕시보건소)",37.343747,126.9720917
283,경기도 의왕시 오전천로 29,37.3502814,126.9767992
284,경기도 의정부시 흥선로 142 (의정부동),37.741161,127.0425004
285,의정부시 범골로 131,37.7361922,127.039587
286,의정부시 천보로 271,37.7587045,127.0777625
287,의정부시 평화로 650,37.749733,127.0451394
288,경기도 의정부시 금신로  322,37.7453263,127.0622375
289,경기도 이천시 경충대로 2742 (관고동),37.2827618,127.4325729
290,경기도 이천시 증신로153번길 13 (증포동),37.288981,127.452349
291,경기도 파주시 후곡로 13 (금촌동),37.7563418,126.7739289
292,"경기도 파주시 중앙로 207, 경기도립의료원파주병원 (금촌동)",37.7550649,126.7801503
293,경기도 파주시 시청로 6,37.7579969,126.7748346
294,경기도 평택시 중앙로 338 (합정동),36.9906277,127.1204114
295,경기도 평택시 평택2로20번길 3 (평택동),36.9930388,127.0890776
296,경기도 평택시 평택로 284 (세교동),37.0084078,127.0743384
297,경기도 평택시 평택5로 56 (비전동),36.9908174,127.1119717
298,경기도 평택시 안중읍 안현로 400,36.9860645,126.9313225
299,경기도 평택시 송탄로 33 (장당동),37.048256,127.057003
300,경기도 평택시 서정로 295 (이충동),37.0656917,127.06645
301,경기도 포천시 포천로 1612 (신읍동),37.9008669,127.2012579
302,경기도 포천시 포천로 1648 (신읍동),37.9033163,127.19828
303,경기도 포천시 소흘읍 호국로 567,37.8233306,127.1387637
304,경기도 포천시 일동면 화동로 1099번길 30,37.9612463,127.3173123
305,경기도 하남시 대청로 10 (신장동),37.5393014,127.2148742
306,경기도 화성시 향남읍 발안로 5,37.1312957,126.9108361
307,경기도 화성시 향남읍 3.1만세로 1055,37.1292815,126.9045557
308,경기도 화성시 노작로 226-9,37.2070305,127.0784014
309,경기도 화성시 큰재봉길 7,37.2166284,127.0801288
310,경기 화성시 화산북로 21 ,37.2101716,127.0079849
311,경기도 화성시 남양읍 시청로160번길 46-13,37.1992313,126.8257097
312,강원도 강릉시 사천면 방동길 38,37.8184325,128.8578411
313,"강원도 강릉시 강릉대로419번길 42-  (포남동, (포남동))",37.77435,128.90735
314,"강원도 강릉시 옥가로 30-  (옥천동,30)",37.7590068,128.8998047
315,강원도 강릉시 남부로17번길 38 (내곡동),37.7428004,128.8828318
316,강원도 고성군 간성읍 수성로 30,38.377702,128.4721577
317,강원 동해시 천곡동 840,37.5228115,129.1170347
318,"강원도 동해시 하평로 26-  (평릉동, (평릉동))",37.5299417,129.1074625
319,강원도 동해시 하평로 11,37.5321225,129.106078
320,"강원도 삼척시 오십천로 418 (남양동,(남양동))",37.4403018,129.1638017
321,"강원도 삼척시 척주로 76 (남양동, 삼척시보건소)",37.4437682,129.1721897
322,강원도 속초시 교동 980(수복로 36),38.1961315,128.5759575
323,"강원도 속초시 영랑호반길 3-  (영랑동, (영랑동))",38.2164607,128.5892485
324,속초시 중앙로 11 ,38.1980014,128.5783901
325,강원 양구군 양구읍 하리 34-5 ,38.1098021,127.9901019
326,강원도 양구군 양구읍 중심로 160 (160),38.1046882,127.9911515
327,강원도 양양군 양양읍 양양로 9-5,38.0778261,128.6274095
328,강원도 영월군 영월읍 중앙1로 59,37.1864525,128.4652388
329,강원도 영월군 영월읍 하송로 44,37.1841591,128.4634872
330,강원도 원주시 일산로 20-0 (일산동),37.3490013,127.9456639
331,"강원도 원주시 원일로 139, 3층 (일산동, 건강문화센터)",37.351585,127.9467947
332,강원 원주시 서원대로 387,37.332608,127.949225
333,강원도 인제군 인제읍 인제로140번길 34,38.063355,128.168623
334,강원도 정선군 정선읍 봉양1길 145-0 ( ),37.3830727,128.6587349
335,강원도 정선군 정선읍 녹송로 33,37.3800927,128.671486
336,강원도 철원군 갈말읍 군탄리 960-2,38.1482623,127.3029437
337,강원도 철원군 갈말읍 명성로 208-0,38.1504492,127.3079502
338,춘천시 삭주로 77,37.8840791,127.7399592
339,강원도 춘천시 중앙로 135 (중앙로3가),37.875569,127.7202408
340,강원도 태백시 태백로 905 (황지동),37.1767263,128.99235
341,강원도 태백시 보드미길8,37.1040964,129.0043366
342,강원도 평창군 평창읍 노성로 11,37.3689437,128.3907514
343,강원도 홍천군 홍천읍 산림공원1길 17,37.6908303,127.8948538
344,강원도 홍천군 홍천읍 신장대로 5,37.6902033,127.8772807
345,강원 화천군 화천읍 중리 242-4 화천군보건의료원,38.107602,127.7091441
346,강원도 횡성군 횡성읍 횡성로 275-  ( ),37.4784679,127.9799525
347,강원도 횡성군 횡성읍 횡성로 379 (횡성군 종합복지타운),37.4871568,127.9844381
348,괴산군 괴산읍 동진천길 43,36.8079973,127.7966873
349,충청북도 괴산군 괴산읍 임꺽정로 116-0,36.8156252,127.7841803
350,단양군 단양읍 삼봉로 53,36.9816139,128.3503063
351,충청북도 단양군 단양읍 별곡6길 10,36.9871156,128.3687759
352,충청북도 보은군 보은읍 보은로 102-0,36.4832229,127.718118
353,충청북도 보은군 보은읍 동광길 50,36.4864382,127.7161727
354,충청북도 영동군 영동읍 대학로 106-0,36.1852368,127.7808937
355,충청북도 영동군 영동읍 반곡동길 7,36.1684963,127.7759673
356,충청북도 옥천군 옥천읍 성왕로 1195-0,36.3134813,127.5720868
357,충청북도 옥천군 옥천읍 삼양로8길 10,36.3045038,127.5701019
358,충청북도 음성군 음성읍 중앙로49,36.928825,127.6888348
359,충청북도 음성군 금왕읍 음성로1230번길 10-0,36.9974858,127.5986293
360,충청북도 제천시 숭문로 57-0 (서부동),37.138611,128.2062355
361,충청북도 제천시 의림대로 242 (청전동),37.149059,128.2155749
362,충청북도 제천시 내토로 991,37.1634681,128.233951
363,충청북도 증평군 증평읍 보건복지로 64-1 (증평군보건소),36.7743802,127.5867135
364,충청북도 진천군 진천읍 중앙북로 36,36.8585629,127.4404044
365,충청북도 진천군 진천읍 중앙북1길 11-8,36.8606303,127.4396582
366,청주시 상당구 남일면 단재로 480,36.5882551,127.5058973
367,충청북도 청주시 상당구 단재로 106-0 (영운동),36.619507,127.496538
368,충청북도 청주시 상당구 쇠내로 16-0 (금천동),36.6244786,127.4953372
369,청주시 서원구 사직대로 227,36.63769,127.469488
370,충청북도 청주시 서원구 흥덕로 48 (사직동),36.6402026,127.4730326
371,"충청북도 청주시 청원구 주성로 173-19 (주중동,청주성모병원)",36.673536,127.4856059
372,충청북도 청주시 청원구 오창읍 과학산업3로 238,36.7104121,127.4305867
373,청주시 흥덕구 비하로12번길 46,36.6301698,127.42649
374,충청북도 청주시 흥덕구 2순환로 1262-0 (가경동),36.6235047,127.4308627
375,충청북도 흥덕구 오송읍 오송생명1로 191,36.6364294,127.3216409
376,충주시 으뜸로 21,36.991105,127.926012
377,충청북도 충주시 안림로 239-50 (안림동),36.9796506,127.9706116
378,충청북도 충주시 국원대로 82-0 (교현동),36.9789801,127.9288169
379,충청남도 계룡시 장안로 54,36.2730755,127.2500591
380,충청남도 공주시 무령로 77 (웅진동),36.458987,127.1094762
381,"충청남도 공주시 봉황로 123 (교동, 공주시보건소)",36.4571174,127.1206564
382,충청남도 금산군 금산읍 비단로 183,36.1040385,127.4961495
383,"충청남도 금산군 금산읍 금산로 1559, 0동",36.112166,127.4916269
384,충청남도 논산시 시민로294번길 14 (취암동),36.192193,127.0944739
385,충청남도 논산시 논산대로 382 (관촉동),36.1960773,127.1035648
386,충청남도 당진시 반촌로 5-15 (시곡동),36.9044521,126.6843802
387,충청남도 당진시 서부로 56 (채운동),36.8873474,126.6304535
388,충청남도 보령시 남포면 보령남로 234,36.3243627,126.6021041
389,충청남도 보령시 죽성로 136 (죽정동),36.3811282,126.6228522
390,충청남도 부여군 부여읍 계백로 200,36.2755745,126.9017016
391,충청남도 부여군 부여읍 성왕로 205,36.2830643,126.9093539
392,충청남도 부여군 부여읍 사비로 78,36.2796,126.910825
393,충청남도 서산시 중앙로 149 (석림동),36.7755835,126.4652578
394,"충청남도 서산시 호수공원6로 6 (예천동, 서산시보건소)",36.7744661,126.444567
395,충청남도 서천군 서천읍 서천로 184,36.08452,126.6876024
396,충청남도 서천군 서천읍 사곡길 26,36.0823766,126.6897145
397,충청남도 아산시 문화로 381 (모종동),36.7792648,127.0198062
398,충청남도 아산시 번영로 224번길 20 아산시보건소 ,36.7825669,127.0146097
399,충남 아산시 시민로 388,36.7831143,127.0009756
400,충청남도 예산군 예산읍 금오대로 94,36.6910744,126.8379717
401,"충청남도 예산군 예산읍 군청로 22, 예산군청",36.6808995,126.8447382
402,충청남도 천안시 동남구 버들로 34 동남구보건소 ,36.8074549,127.1512772
403,"충청남도 천안시 동남구 순천향6길 31 (봉명동, 5동 (봉명동,순천향대학교병원))",36.8027381,127.1358588
404,충청남도 천안시 서북구 다가말3길 8 (쌍용동),36.7974023,127.1315016
405,충청남도 천안시 동남구 충절로 537 (삼룡동),36.7756271,127.1791797
406,충청남도 천안시 동남구 남부대로 350 (청당동,36.7809945,127.1557598
407,충청남도 청양군 청양읍 칠갑산로7길 54,36.4550203,126.8049391
408,충청남도 태안군 태안읍 서해로 1952-16,36.7518776,126.3231965
409,충청남도 홍성군 홍성읍 조양로 224,36.599349,126.674413
410,충청남도 홍성군 홍성읍 문화로 106,36.5966864,126.6630687
411,전라북도 고창군 고창읍 전봉준로 90 ((고창읍 전봉준로 90)),35.4437619,126.6832454
412,전라북도 고창군 고창읍 화신1길 9,35.4364278,126.6933531
413,전라북도 군산시 수송동로 58 (수송동),35.9647008,126.7201362
414,"전라북도 군산시 의료원로 27 (지곡동,(지곡동, 군산의료원))",35.9549526,126.7117407
415,전북 군산시 조촌로 149,35.9773474,126.7372167
416,전라북도 김제시 성산길 138 (요촌동),35.8008417,126.8833034
417,"전라북도 남원시 충정로 365 (고죽동,(고죽동))",35.4318756,127.4073171
418,전라북도 남원시 요천로 1285 (조산동),35.3976471,127.3643431
419,"전라북도 무주군 무주읍 한풍루로 413, 무주군보건의료원",36.0058715,127.6716938
420,전라북도 부안군 부안읍 오리정로 124,35.7228091,126.7355358
421,전라북도 부안군 부안읍 오정2길 24,35.7248858,126.7344047
422,전라북도 순창군 순창읍 교성로 135 (순창군보건의료원),35.3671052,127.143625
423,전라북도 완주군 삼례읍 삼봉로 215-20,35.9212456,127.092643
424,"전라북도 익산시 무왕로 969 (신동,(신동))",35.9616504,126.9665159
425,전라북도 익산시 무왕로 975 (신동),35.9610203,126.9664154
426,전라북도 임실군 임실읍 호국로 1680,35.6125122,127.2869436
427,전라북도 장수군 장수읍 장천로 247,35.6545099,127.5200198
428,"전라북도 전주시 완산구 서원로 365 (중화산동1가,(중화산동1가, 예수병원))",35.8143917,127.1332292
429,"전라북도 전주시 덕진구 견훤로 390 (우아동3가,(우아동3가))",35.8459811,127.1533991
430,"전라북도 전주시 완산구 한두평3길 13 (중화산동2가,(중화산동2가, 전주병원))",35.8152449,127.1248117
431,전라북도 전주시 덕진구 벚꽃로 55 전주시보건소 덕진진료실,35.8294,127.134362
432,전주시 덕진구 동부대로 895,35.8654628,127.1479135
433,"전라북도 정읍시 충정로 606-22 (용계동,(용계동))",35.5888321,126.8234125
434,전라북도 정읍시 수성1로 61 (수성동),35.5779871,126.854558
435,전라북도 진안군 진안읍 진무로 1189 (진안보건소),35.7973094,127.4347732
436,전라남도 강진군 강진읍 탐진로 5,34.6368113,126.7578654
437,전라남도 강진군 강진읍 목리길 11,34.6380187,126.7753801
438,전라남도 고흥군 고흥읍 고흥로 1935,34.6210654,127.2939625
439,전라남도 고흥군 고흥읍 등암3길 5,34.5919954,127.2692335
440,전남 고흥군 도양읍 차경구렁목길 215,34.5462583,127.1457
441,전라남도 곡성군 곡성읍 곡성로 761,35.276282,127.2879457
442,전라남도 곡성군 곡성읍 곡성로 854,35.2788368,127.2968785
443,"전라남도 광양시 공영로 71 (중동, (중동))",34.9361846,127.6969657
444,전라남도 광양시 광양읍 인덕로 1100,34.9807918,127.5822458
445,전라남도 구례군 구례읍 동편제길 4,35.2159096,127.4639375
446,전라남도 구례군 구례읍 동편제길 30,35.2162287,127.4614761
447,"전라남도 나주시 영산로 5419-0 (성북동,나주종합병원)",35.0363159,126.7213975
448,"전라남도 나주시 풍물시장2길 57-32 (이창동, 나주시보건소)",34.9952373,126.7082291
449,전남 나주시 빛가람로 721,35.0222063,126.7906417
450,전남 나주시 산포면 산포로 468-15,35.0400956,126.8057299
451,전라남도 담양군 담양읍 천변7길 19,35.3152982,126.9825737
452,전라남도 담양군 담양읍 완동길 10-11,35.3250255,126.9812482
453,전라남도 목포시 영산로 483 (상동),34.8092997,126.4164223
454,전라남도 목포시 백년대로 303 (상동),34.8045333,126.4206
455,전라남도 목포시 영산로 623 (석현동),34.8213917,126.421025
456,"전라남도 목포시 이로로 18 (용해동, (용해동))",34.8039839,126.4053627
457,"전라남도 목포시 고하대로 795-2 (연산동,(연산동))",34.8168192,126.3802331
458,전라남도 목포시 고하대로 724 (산정동),34.8104274,126.375678
459,전라남도 목포시 원산로45번길 5 (산정동),34.8044198,126.3737287
460,전라남도 무안군 무안읍 몽탄로 65,34.9916302,126.4893985
461,전라남도 무안군 무안읍 무안로 530,34.9904886,126.4817117
462,전라남도 보성군 미력면 가평길 36-17,34.7758583,127.1045625
463,전라남도 보성군 보성읍 송재로 153,34.7702225,127.0790418
464,전라남도 보성군 벌교읍 남하로 12,34.8338452,127.3456593
465,전남 순천시 중앙로 232,34.9665878,127.4860781
466,전라남도 순천시 순광로 221 (조례동),34.9647334,127.5437074
467,전라남도 순천시 서문성터길 2 (매곡동),34.9579098,127.4834682
468,전라남도 순천시 우명길 42 ,34.9477666,127.5122885
469,전라남도 순천시 조례1길 24,34.9611351,127.5249267
470,전라남도 신안군 압해읍 천사로 1004,34.833626,126.351124
471,전라남도 신안군 비금면 송치길 155-11,34.7222702,125.9326075
472,"전라남도 여수시 무선로 95 (선원동, (선원동))",34.7691121,127.6543239
473,전라남도 여수시 시청서4길 47 (학동),34.7593213,127.6604011
474,"전남 여수시 좌수영로 49(광무동,전남병원)",34.7450673,127.728018
475,여수시 여천체육공원길 10,34.7612841,127.6749639
476,여수시 쌍봉로 70,34.7661014,127.6634937
477,전라남도 영광군 영광읍 와룡로 3,35.2844615,126.4989779
478,전라남도 영광군 영광읍 신남로 265,35.274938,126.510877
479,전라남도 영광군 영광읍 신남로4길 17,35.2746826,126.5041643
480,전라남도 영암군 영암읍 오리정길 8,34.7942935,126.7011016
481,전라남도 영암군 영암읍 오리정길 39,34.7947083,126.7038125
482,전라남도 완도군 완도읍 청해진동로 63,34.3171667,126.735575
483,전라남도 완도군 완도읍 농공단지길 34,34.3358139,126.7313231
484,전라남도 장성군 장성읍 역전로 171,35.3058681,126.7835665
485,전라남도 장성군 장성읍 청운11길 13,35.3045386,126.7824572
486,전라남도 장흥군 장흥읍 흥성로 74 (74),34.6771315,126.9109162
487,전라남도 장흥군 장흥읍 흥성로 49,34.6764798,126.9083724
488,전라남도 진도군 진도읍 남문길 48,34.4824205,126.2640944
489,전라남도 진도군 진도읍 남동1길 40-9,34.4804147,126.2628932
490,전라남도 함평군 함평읍 영수길 132-  ( ),35.061925,126.519875
491,전라남도 함평군 함평읍 중앙길 54-8,35.0618974,126.5242496
492,전라남도 해남군 해남읍 해남로 45,34.5717972,126.6127915
493,전남 해남군 옥천면 해남로 597,34.5842521,126.6465633
494,전라남도 해남군 해남읍 해남로 46,34.5705036,126.6120168
495,전라남도 화순군 화순읍 충의로 109,35.0560876,126.9897418
496,전남 화순군 화순읍 서양로 322,35.0594333,127.0025
497,전남 화순군 화순읍 만연로 31,35.0584189,126.9898844
498,전라남도 화순군 화순읍 쌍충로 62,35.0571306,126.9820133
499,경상북도 경산시 경안로 208 (중방동),35.8263331,128.7371689
500,경상북도 경산시 경안로 11 (백천동),35.8086667,128.7401
501,경상북도 경산시 남매로 158 (중방동),35.8250721,128.7433348
502,경상북도 경주시 양정로 300 (동천동),35.8595247,129.224618
503,경주시 현곡면 용담로307,35.8739769,129.1916433
504,경북 고령군 대가야읍 왕릉로 56-5 고령군보건소,35.7252352,128.2648138
505,경상북도 고령군 대가야읍 중앙로 33,35.7299781,128.2721571
506,"경상북도 구미시 1공단로 179 (공단동, (공단동))",36.1029182,128.3827377
507,경상북도 구미시 신시로10길 12 (형곡동),36.1145325,128.3405414
508,경상북도 구미시 인동20길 46 (진평동),36.0962038,128.4227832
509,경상북도 구미시 선산대로 111 (지산동),36.1399352,128.345954
510,경상북도 군위군 군위읍 군청로 70,36.22966,128.5699046
511,경상북도 김천시 모암길 24 (모암동),36.1227232,128.1264391
512,경상북도 김천시 신음1길 12 (신음동),36.1354003,128.1187923
513,경상북도 김천시 시청1길 221 (신음동),36.1395345,128.11286
514,경북 김천시 영남대로 1968,36.1174651,128.1441387
515,경상북도 문경시 당교3길 25 (모전동),36.58444,128.189225
516,경상북도 문경시 중앙로 117-18 (점촌동),36.5959618,128.1990743
517,경상북도 문경시 점촌1길 9 (점촌동),36.5960235,128.1978628
518,경상북도 봉화군 봉화읍 봉화로 1203,36.8907179,128.7417336
519,경상북도 봉화군 봉화읍 보밑길 3,36.8916343,128.7334719
520,경상북도 상주시 냉림서성길 7 (냉림동),36.4203096,128.159725
521,경상북도 상주시 중앙로 111 (무양동),36.4166063,128.1498196
522,경상북도 성주군 성주읍 성밖숲길 12,35.917077,128.2790553
523,경북 안동시 서동문로 165,36.566997,128.7302562
524,경상북도 안동시 태사2길 55 (북문동),36.5682206,128.7321116
525,경상북도 안동시 앙실로 11 (수상동),36.5467408,128.7010976
526,경상북도 안동시 서동문로 99 (금곡동),36.5672423,128.7228172
527,경상북도 영덕군 영해면 영덕로 1621,36.5236797,129.4023435
528,경북 영덕군 영덕읍 군청길 53,36.4136036,129.3734385
529,경북 영양군 영양읍 동서대로 82,36.6619459,129.1180642
530,경상북도 영양군 영양읍 동서대로 75,36.6626832,129.1171477
531,경상북도 영주시 시청로1번길 19 (휴천동),36.8061333,128.62165
532,경상북도 영천시 오수1길 10 (오수동),35.957285,128.913212
533,경상북도 영천시 옛군청1길 31 (문내동),35.9685073,128.9323923
534,경상북도 예천군 예천읍 군청길 33,36.6576983,128.4529779
535,경상북도 예천군 예천읍 시장로 136,36.6574115,128.458942
536,경상북도 울릉군 울릉읍 울릉순환로 396-18,37.4858819,130.8995259
537,경상북도 울진군 울진읍 현내항길 71,36.9926961,129.4095737
538,경상북도 의성군 의성읍 북부길 150,36.3675172,128.6842123
539,경상북도 의성군 의성읍 문소3길 96-0 (공생병원),36.3544615,128.6946958
540,청도군 화양읍 산성강변길 471,35.654342,128.7381579
541,경상북도 청송군 청송읍 의료원길 19,36.4311317,129.0518041
542,경북 청송군 진보면 양정길 110,36.5446666,129.0561685
543,경상북도 칠곡군 왜관읍 관문로1길 30,35.990708,128.4186406
544,경상북도 칠곡군 왜관읍 군청2길 10,35.996085,128.401513
545,경상북도 포항시 북구 삼흥로 98 (장성동),36.0706618,129.3804375
546,경상북도 포항시 남구 동해안로 6119 (인덕동),35.9924189,129.3962241
547,경상북도 포항시 남구 포스코대로 351 (대도동),36.0177172,129.3622256
548,"경상북도 포항시 남구 대잠동길 17 (대잠동, (대잠동))",36.0159003,129.3399527
549,"경상북도 포항시 북구 용흥로 36 (용흥동, (용흥동))",36.0348814,129.3549409
550,경상남도 거제시 계룡로5길 14 (상동동),34.8736095,128.6261659
551,경상남도 거제시 두모길 16 (두모동),34.8719577,128.7220923
552,경상남도 거제시 수양로 506 (양정동),34.8918961,128.6366747
553,경상남도 거제시 연초면 거제대로 4477,34.8977185,128.6436423
554,경상남도 거창군 거창읍 중앙로 91,35.6867599,127.9087378
555,경상남도 거창군 거창읍 거함대로 3079 (보건소),35.6809354,127.8987277
556,경상남도 고성군 고성읍 남포로79번길 103-3,34.9695738,128.3154029
557,경상남도 김해시 분성로 94-8 (외동),35.2307339,128.8570753
558,경상남도 김해시 김해대로 1814-37 (삼계동),35.2623214,128.8615328
559,경상남도 김해시 장유로 167-13 (부곡동),35.2086652,128.8056169
560,경상남도 김해시 분성로 227 (외동),35.2323329,128.871384
561,경상남도 남해군 남해읍 화전로 169,34.8464281,127.8942506
562,경상남도 남해군 남해읍 선소로 6,34.8447959,127.8986035
563,경상남도 밀양시 삼문중앙로 32 (삼문동),35.4846367,128.7556256
564,경상남도 밀양시 삼문중앙로 41 (삼문동),35.4856701,128.7560612
565,경상남도 사천시 남일로 33 (동금동),34.9332698,128.0804186
566,경상남도 사천시 용현면 시청로 77,35.0034681,128.063913
567,경남 사천시 중앙로136,34.9375065,128.079592
568,경상남도 산청군 산청읍 중앙로 97,35.4160951,127.884202
569,경상남도 양산시 물금읍 금오로 20,35.3281501,129.0057274
570,양산시 신기로 28,35.3532708,129.0436024
571,양산시 서창로 59,35.4064091,129.1645729
572,경상남도 양산시 삽량로 169 (중부동),35.335739,129.0249754
573,경상남도 의령군 의령읍 의병로14길 10,35.3185917,128.25865
574,경상남도 의령군 의령읍 의병로8길 16,35.3178289,128.2547555
575,진주시 진주대로 885,35.1794723,128.0902544
576,진주시 동진로 2,35.1784916,128.0920865
577,진주시 남강로 701,35.1918013,128.0882554
578,진주시 진양호로 370,35.1853748,128.0693674
579,진주시 진주대로 829,35.1744787,128.0929554
580,진주시 범골로 17,35.1669658,128.1286241
581,경상남도 진주시 월아산로 2026 (초전동),35.2137978,128.1219261
582,경상남도 창녕군 창녕읍 교리1길 2,35.5421488,128.493308
583,경상남도 창녕군 창녕읍 우포2로 1189-35,35.5437663,128.489985
584,경상남도 창원시 의창구 중앙대로162번길 9 (신월동),35.2277506,128.6855974
585,창원시 마산합포구 3·15대로 76,35.1863148,128.5616013
586,"경상남도 창원시 마산합포구 월영동북로 15 (해운동, 마산보건소)",35.1824014,128.5628989
587,"경상남도 창원시 진해구 진해대로 1101 (풍호동, 진해보건소)",35.1314348,128.710161
588,경상남도 창원시 진해구 해원로32번길 13 (이동),35.1549332,128.6981494
589,경상남도 창원시 진해구 중원동로 55-1 (중앙동),35.14965,128.6610389
590,"경상남도 창원시 마산회원구 팔용로 158 (합성동, 삼성창원병원)",35.2428774,128.5920245
591,경상남도 창원시 마산합포구 3·15대로 231 (중앙동3가),35.1992371,128.5655967
592,"경상남도 창원시 성산구 삼정자로 11 (성주동, 창원경상대학교병원)",35.1990873,128.7078463
593,경상남도 창원시 성산구 원이대로682번길 21 (상남동),35.2212186,128.6865915
594,경상남도 창원시 성산구 창원대로 721 (중앙동),35.2187539,128.6717512
595,창원시 의창구 창이대로 45,35.237293,128.645913
596,경상남도 통영시 중앙로 97 (서호동),34.8423835,128.4198871
597,경상남도 통영시 안개4길 108 (무전동),34.8598162,128.4320074
598,"경상남도 하동군 하동읍 화심길 39, 새하동병원",35.0830405,127.7385624
599,경상남도 하동군 하동읍 군청로 31,35.0671663,127.7527475
600,경상남도 함안군 칠원읍 용산2길 45-13,35.3089491,128.5156027
601,경상남도 함안군 가야읍 중앙남4길 10,35.2757587,128.4102677
602,경상남도 함양군 함양읍 고운로 70,35.520467,127.729213
603,경상남도 함양군 함양읍 한들로 141,35.5196763,127.7317814
604,경상남도 합천군 합천읍 대야로 876,35.5664432,128.1633048
605,경상남도 합천군 합천읍 동서로 39,35.5679048,128.1568451
606,"제주특별자치도 서귀포시 장수로 47 (동홍동,(동홍동))",33.2555355,126.5639216
607,제주특별자치도 서귀포시 일주동로 8638 (동홍동),33.254527,126.5654013
608,"제주특별자치도 제주시 도령로 65 (연동, (연동))",33.489961,126.4850403
609,"제주특별자치도 제주시 연신로 52 (이도이동,(이도이동))",33.4963547,126.5461481
610,"제주특별자치도 제주시 서광로 193 (삼도일동, (삼도일동))",33.500233,126.517062
611,"제주특별자치도 제주시 월랑로 91-0 (이호이동,중앙병원)",33.4923212,126.4704807
0,서울특별시 강서구 마곡동 802-3,37.5569012,126.8347464
1,서울특별시 서초구 남부순환로 340길 29,37.4796846,127.0241386
2,서울특별시 송파구 올림픽로 25,37.5148022,127.0736261
3,서울특별시 은평구 백련산로 90,37.594014,126.923851
4,부산광역시 북구 금곡대로 348(화명동),35.2393031,129.0147663
5,부산광역시 해운대구 양운로 37번길 59(좌동),35.1641288,129.1786555
6,대구광역시 남구 현충로 170,35.848107,128.58205
7,대구시 북구 호국로 807(학정동),35.9564207,128.5646727
8,대구 서구 평리로 157 (중리동),35.85964,128.540587
9,대구 수성구 유니버시아드로 180,35.8299377,128.6901563
10,인천 연수구 경원대로 526,37.4307559,126.7017983
11,광주 북구 용봉로 138번길 11 효죽주차장,35.1730076,126.9117183
12,대전 대덕구 석봉로 38(석봉동),36.447161,127.4264925
13,대전 동구 동서대로 1672(성남동),36.3482369,127.4358
14,대전 유성구 유성대로 730번길 51,36.3580842,127.3354295
15,울산광역시 동구 봉수로 155 (화정동),35.504844,129.416632
16,울산광역시 중구 외솔큰길 225 (남외동),35.5694504,129.3503812
17,세종특별자치시 조치원읍 건강길 16,36.6057132,127.2964967
18,경기도 광명시 오리로 613(하안동),37.4557972,126.8784821
19,경기도 고양시 덕양구 주교동 153-12,37.6550222,126.8320673
20,경기도 과천시 관문로69,37.4292013,126.987675
21,경기도 김포시 장기동 김포시장애인복지관 옆 공영주차장,,
22,경기도 남양주시 경춘로 1037 남양주시청제1청사,37.635985,127.216467
23,경기도 남양주시 화도읍 비룡로 59,37.6579185,127.3006163
24,경기도 남양주시 진접읍 해밀예당1로 30-39,37.7105065,127.1894677
25,경기 수원시 팔달구 월드컵로 310,37.2865318,127.036915
26,안산시 단원구 화랑로 250,37.3210171,126.8152642
27,경기 여주시 영릉로 123,37.2933377,127.6244951
28,경기도 의정부시 청사로 1 경기도청 북부청사 주차장,37.7474405,127.0717166
29,경기도 화성시 동탄산단7길 60,37.1768036,127.0864232
30,충청북도 보은군 보은읍 동광길 50,36.4864382,127.7161727
31,충청북도 제천시 의림대로 242 (청전동),37.149059,128.2155749
32,청주시 상당구 남일면 단재로 480,36.5882551,127.5058973
33,청주시 흥덕구 비하로12번길 46,36.6301698,127.42649
34,청주시 서원구 사직대로 227,36.63769,127.469488
35,충청북도 청주시 청원구 오창읍 과학산업3로 238,36.7104121,127.4305867
36,충청북도 청주시 서원구 흥덕로 48 (사직동),36.6402026,127.4730326
37,충청북도 충주시 안림로 239-50 (안림동),36.9796506,127.9706116
38,충청북도 충주시 사직산 21길  34(문화동),36.9708517,127.9280135
39,충북 괴산군 동진천길 43,36.8079973,127.7966873
40,충남 천안시 서북구 번영로 208 종합운동장 남측,36.8188164,127.1151481
41,충청남도 천안시 동남구 남부대로 350 (청당동),36.7809945,127.1557598
42,"충청남도 공주시 봉황로 123 (교동, 공주시보건소)",36.4571174,127.1206564
43,충남 보령시 보령남로 234,36.3243627,126.6021041
44,전주시 덕진구 동부대로 895,35.8654628,127.1479135
45,전라남도 광양시 인덕로 100,,
46,전라남도 구례군 구례읍 동편제길 30,35.2162287,127.4614761
47,전라남도 목포시 용당로 101 유달경기장,34.7975927,126.4008433
48,전라남도 무안군 무안읍 무안로 530,34.9904886,126.4817117
49,전라남도 여수시 시청서4길 47 (학동),34.7593213,127.6604011
50,전라남도 영광군 영광읍 신남로4길 17,35.2746826,126.5041643
51,전라남도 영암군 영암읍 오리정길 39,34.7947083,126.7038125
52,전라남도 해남군 해남읍 해남로 46,34.5705036,126.6120168
53,전라남도 보성군 송재로 153,34.7702225,127.0790418
54,전라남도 함평군 함평읍 중앙길 57-8,,
55,전라남도 완도군 완도읍 농공단지길 34,34.3358139,126.7313231
56,전라남도 진도군 진도읍 남동1길 40-9,34.4804147,126.2628932
57,경북 경주시 현곡면 용담로 307,35.8739769,129.1916433
58,경상북도 김천시 시청1길 221 (신음동),36.1395345,128.11286
59,경상북도 문경시 점촌1길 9 (점촌동),36.5960235,128.1978628
60,경상북도 봉화군 봉화읍 봉화로 1203,36.8907179,128.7417336
61,경상북도 영덕군 영덕읍 경동로 8338,36.4184647,129.3641712
62,"경상북도 포항시 북구 용흥로 36 (용흥동, (용흥동))",36.0348814,129.3549409
63,경상북도 문경시 중앙로 117-18,36.5959618,128.1990743
64,경상북도 김천시 모암길 24,36.1227232,128.1264391
65,경상북도 김천시 신음1길 12,36.1354003,128.1187923
66,경상남도 창원시 의창구 중앙대로 162번길  9,35.2277506,128.6855974
67,경상남도 김해시 분성로 227 (외동),35.2323329,128.871384
68,경상남도 창녕군 창녕읍 우포2로 1189-35,35.5437663,128.489985
69,경상남도 진주시 월아산로 2026 (초전동),35.2137978,128.1219261
70,경상남도 진주시 범골로 17(충무공동),35.1669658,128.1286241
